City_ID,City,Country,Date,Lat,Lng,Max Temp,Humidity,Cloudiness,Wind Speed
0,Mahebourg,MU,2020-10-12 20:42:37,-20.41,57.7,71.6,88,20,5.82
1,Bethel,US,2020-10-12 20:50:17,41.37,-73.41,53.6,71,90,17.22
2,Albany,US,2020-10-12 20:52:32,42.6,-73.97,55.99,55,97,7.45
3,Ushuaia,AR,2020-10-12 20:52:32,-54.8,-68.3,44.6,70,75,5.82
4,Yulara,AU,2020-10-12 20:42:40,-25.24,130.99,62.6,29,0,5.82
5,Dingle,PH,2020-10-12 20:43:06,11.0,122.67,75.96,87,100,3.38
6,Bredasdorp,ZA,2020-10-12 20:52:33,-34.53,20.04,59.0,82,37,14.99
7,Hobart,AU,2020-10-12 20:48:11,-42.88,147.33,48.2,61,20,8.05
8,Beloha,MG,2020-10-12 20:42:54,-25.17,45.05,65.59,80,71,8.59
9,Almeirim,BR,2020-10-12 20:52:33,-1.52,-52.58,88.5,47,76,3.44
10,Ereymentau,KZ,2020-10-12 20:52:33,51.62,73.1,46.09,83,96,8.34
11,Clyde River,CA,2020-10-12 20:52:33,70.47,-68.59,32.0,97,90,6.93
12,Rikitea,PF,2020-10-12 20:52:33,-23.12,-134.97,74.16,76,15,15.82
13,Aitape,PG,2020-10-12 20:52:33,-3.14,142.35,79.27,84,100,4.54
14,Khonsa,IN,2020-10-12 20:52:34,27.02,95.57,65.64,93,18,4.29
15,Vardo,NO,2020-10-12 20:51:55,70.37,31.11,41.0,86,75,8.05
16,Talnakh,RU,2020-10-12 20:42:48,69.49,88.4,28.4,92,40,20.13
17,Masvingo,ZW,2020-10-12 20:52:34,-20.06,30.83,59.76,89,100,8.46
18,Watertown,US,2020-10-12 20:50:06,42.37,-71.18,55.0,66,90,14.99
19,Corpus Christi,US,2020-10-12 20:52:28,27.8,-97.4,89.01,66,1,14.99
20,Touros,BR,2020-10-12 20:50:48,-5.2,-35.46,80.6,74,40,8.05
21,Natal,BR,2020-10-12 20:50:56,-5.79,-35.21,80.6,74,40,8.05
22,Punta Arenas,CL,2020-10-12 20:50:25,-53.15,-70.92,51.8,71,100,28.86
23,Hamilton,US,2020-10-12 20:52:17,39.18,-84.53,75.99,69,90,11.41
24,Dubbo,AU,2020-10-12 20:52:35,-32.25,148.62,53.6,76,0,6.93
25,San Cristobal,VE,2020-10-12 20:42:50,7.77,-72.22,93.2,34,40,19.46
26,San Patricio,US,2020-10-12 20:52:35,28.02,-97.52,93.99,55,40,5.82
27,Aranos,NA,2020-10-12 20:52:35,-24.13,19.12,64.04,21,0,11.54
28,Hermanus,ZA,2020-10-12 20:52:35,-34.42,19.23,57.99,86,2,1.01
29,Cabo San Lucas,MX,2020-10-12 20:52:35,22.89,-109.91,84.0,74,90,4.7
30,Salalah,OM,2020-10-12 20:52:35,17.02,54.09,78.8,78,65,3.36
31,Ialibu,PG,2020-10-12 20:52:35,-6.28,143.99,55.96,93,100,2.28
32,Okhotsk,RU,2020-10-12 20:52:36,59.38,143.3,47.73,91,100,34.25
33,Tuktoyaktuk,CA,2020-10-12 20:52:36,69.45,-133.04,23.0,62,90,19.46
34,Troitsko-Pechorsk,RU,2020-10-12 20:52:36,62.71,56.2,42.24,92,100,6.71
35,Ayorou,NE,2020-10-12 20:52:36,14.73,0.92,95.02,21,2,4.61
36,Rosarito,MX,2020-10-12 20:52:36,32.33,-117.03,93.2,23,5,10.29
37,Lorengau,PG,2020-10-12 20:52:07,-2.02,147.27,82.11,79,100,7.61
38,Nevelsk,RU,2020-10-12 20:52:36,46.67,141.86,53.6,100,75,2.24
39,Pombas,CV,2020-10-12 20:52:36,17.15,-25.02,74.95,76,5,9.4
40,Bluff,NZ,2020-10-12 20:51:26,-46.6,168.33,51.01,75,60,10.0
41,Faanui,PF,2020-10-12 20:52:37,-16.48,-151.75,78.71,80,2,15.52
42,Epe,NG,2020-10-12 20:52:37,6.58,3.98,76.87,92,100,6.91
43,Kumbo,CM,2020-10-12 20:52:37,6.2,10.67,58.98,86,3,2.71
44,Busselton,AU,2020-10-12 20:52:37,-33.65,115.33,55.99,65,98,8.81
45,Pathein,MM,2020-10-12 20:52:37,16.78,94.73,74.59,95,13,4.5
46,Barrow,US,2020-10-12 20:52:37,71.29,-156.79,23.0,85,90,4.7
47,Hilo,US,2020-10-12 20:48:23,19.73,-155.09,84.2,62,75,4.7
48,Morros,BR,2020-10-12 20:52:38,-9.45,-46.3,81.37,59,76,3.94
49,Cape Town,ZA,2020-10-12 20:51:13,-33.93,18.42,59.0,76,13,4.7
50,Tasiilaq,GL,2020-10-12 20:52:38,65.61,-37.64,39.2,80,100,11.41
51,Westport,US,2020-10-12 20:52:09,41.14,-73.36,57.2,71,90,20.8
52,Port Alfred,ZA,2020-10-12 20:52:38,-33.59,26.89,61.61,68,57,6.67
53,Kendari,ID,2020-10-12 20:52:38,-3.94,122.5,74.19,91,100,2.24
54,Vaini,TO,2020-10-12 20:52:38,-21.2,-175.2,75.2,64,20,12.75
55,Sibolga,ID,2020-10-12 20:44:47,1.74,98.78,76.39,73,100,2.35
56,Sabha,LY,2020-10-12 20:52:38,27.04,14.43,80.82,21,73,8.66
57,Yellowknife,CA,2020-10-12 20:52:38,62.46,-114.35,35.6,69,90,27.51
58,Arraial Do Cabo,BR,2020-10-12 20:50:07,-22.97,-42.03,73.4,69,48,20.8
59,Muroto,JP,2020-10-12 20:45:15,33.28,134.15,72.77,74,5,6.58
60,Tabuk,PH,2020-10-12 20:52:39,17.42,121.44,72.54,89,99,1.99
61,Villarrica,PY,2020-10-12 20:52:39,-25.75,-56.43,88.47,27,0,8.1
62,Mount Isa,AU,2020-10-12 20:42:55,-20.73,139.5,75.2,31,17,6.93
63,Svirstroy,RU,2020-10-12 20:52:39,60.8,33.72,47.3,94,100,4.61
64,Sao Raimundo Nonato,BR,2020-10-12 20:52:39,-9.02,-42.7,87.8,36,57,3.96
65,Dasoguz,TM,2020-10-12 20:44:43,41.84,59.97,46.4,36,0,6.93
66,Puerto Ayora,EC,2020-10-12 20:52:39,-0.74,-90.35,80.6,61,20,24.16
67,Atasu,KZ,2020-10-12 20:52:39,48.68,71.64,42.89,73,1,1.16
68,Kruisfontein,ZA,2020-10-12 20:52:39,-34.0,24.73,58.69,52,80,5.37
69,Uyemskiy,RU,2020-10-12 20:52:40,64.47,40.85,48.2,100,90,6.71
70,Guerrero Negro,MX,2020-10-12 20:44:11,27.98,-114.06,88.92,34,0,9.86
71,Nyurba,RU,2020-10-12 20:52:40,63.28,118.33,17.31,92,0,4.47
72,Jamestown,US,2020-10-12 20:50:03,42.1,-79.24,60.01,82,90,18.34
73,Qaanaaq,GL,2020-10-12 20:52:40,77.48,-69.36,32.95,90,100,5.28
74,Vila Velha,BR,2020-10-12 20:40:05,-20.33,-40.29,73.99,94,90,3.36
75,Townsend,US,2020-10-12 20:52:41,39.4,-75.69,57.99,95,100,11.99
76,Conceicao Do Araguaia,BR,2020-10-12 20:50:24,-8.26,-49.26,81.86,64,54,3.6
77,Saint-Philippe,RE,2020-10-12 20:51:49,-21.36,55.77,71.6,68,75,4.7
78,Mataura,NZ,2020-10-12 20:51:25,-46.19,168.86,51.01,75,53,10.0
79,Kapaa,US,2020-10-12 20:52:41,22.08,-159.32,82.4,78,75,10.29
80,Kaitangata,NZ,2020-10-12 20:52:41,-46.28,169.85,51.01,82,27,5.99
81,Namibe,AO,2020-10-12 20:52:42,-15.2,12.15,63.99,81,91,7.11
82,Kununurra,AU,2020-10-12 20:42:44,-15.77,128.73,78.8,34,5,8.05
83,Meulaboh,ID,2020-10-12 20:45:18,4.14,96.13,76.05,84,100,6.67
84,Georgetown,MY,2020-10-12 20:51:00,5.41,100.34,77.0,88,20,3.36
85,Clacton-On-Sea,GB,2020-10-12 20:52:42,51.79,1.16,51.01,100,100,17.85
86,Narsaq,GL,2020-10-12 20:52:42,60.92,-46.05,53.6,84,100,12.75
87,Moerai,PF,2020-10-12 20:44:57,-22.43,-151.33,76.42,82,1,15.59
88,Port Elizabeth,ZA,2020-10-12 20:52:25,-33.92,25.57,55.4,87,71,2.24
89,East London,ZA,2020-10-12 20:52:42,-33.02,27.91,61.03,75,11,10.38
90,Vestmanna,FO,2020-10-12 20:44:46,62.16,-7.17,44.6,75,61,14.99
91,Tezu,IN,2020-10-12 20:52:43,27.92,96.17,73.54,69,0,3.65
92,Santa Isabel Do Rio Negro,BR,2020-10-12 20:42:52,-0.41,-65.02,91.35,51,72,2.93
93,Pevek,RU,2020-10-12 20:52:43,69.7,170.31,24.78,95,91,12.01
94,Berlevag,NO,2020-10-12 20:42:57,70.86,29.09,39.2,93,40,19.46
95,Chokurdakh,RU,2020-10-12 20:52:43,70.63,147.92,16.32,97,37,3.33
96,Castro,BR,2020-10-12 20:52:43,-24.79,-50.01,70.7,58,1,2.66
97,Dikson,RU,2020-10-12 20:52:43,73.51,80.55,33.51,85,100,17.6
98,Saint George,US,2020-10-12 20:50:02,37.1,-113.58,84.0,15,1,5.5
99,Baykit,RU,2020-10-12 20:52:44,61.67,96.37,23.0,87,81,2.66
100,Kavieng,PG,2020-10-12 20:52:44,-2.57,150.8,82.62,73,8,5.64
101,Cody,US,2020-10-12 20:51:59,44.53,-109.06,60.8,31,75,10.29
102,Port Hardy,CA,2020-10-12 20:52:44,50.7,-127.42,51.8,87,75,12.75
103,Auki,SB,2020-10-12 20:52:44,-8.77,160.7,83.3,75,98,5.01
104,Carnarvon,AU,2020-10-12 20:52:44,-24.87,113.63,66.2,93,40,12.75
105,Airai,TL,2020-10-12 20:52:44,-8.93,125.41,58.95,83,53,3.6
106,Pimentel,PE,2020-10-12 20:52:44,-6.84,-79.93,71.6,64,51,23.04
107,Phetchabun,TH,2020-10-12 20:52:45,16.25,101.08,73.33,82,100,2.73
108,San Pedro,PH,2020-10-12 20:52:45,14.35,121.02,78.8,94,75,2.24
109,Krasnoselkup,RU,2020-10-12 20:45:11,65.7,82.47,32.14,98,97,8.37
110,Timmins,CA,2020-10-12 20:50:09,48.47,-81.33,59.0,51,75,16.11
111,Muzhi,RU,2020-10-12 20:52:45,65.37,64.67,39.63,87,77,6.35
112,Fairview,US,2020-10-12 20:52:45,40.81,-74.0,54.0,100,90,13.87
113,Ucluelet,CA,2020-10-12 20:52:45,48.93,-125.55,55.99,71,75,8.05
114,Nanortalik,GL,2020-10-12 20:52:45,60.14,-45.24,41.23,87,100,12.88
115,Zurrieq,MT,2020-10-12 20:52:46,35.83,14.47,64.99,63,20,20.8
116,Grindavik,IS,2020-10-12 20:52:46,63.84,-22.43,41.0,100,75,1.12
117,Swift Current,CA,2020-10-12 20:52:46,50.28,-107.8,46.4,52,20,11.41
118,Winnemucca,US,2020-10-12 20:42:52,40.97,-117.74,73.4,17,1,6.93
119,El Rosario,MX,2020-10-12 20:52:46,24.26,-107.18,89.01,72,100,7.0
120,Chuy,UY,2020-10-12 20:52:46,-33.7,-53.46,59.36,80,81,6.71
121,Yagodnoye,RU,2020-10-12 20:52:47,62.55,149.67,30.54,96,100,2.66
122,Road Town,VG,2020-10-12 20:38:04,18.42,-64.62,86.0,70,40,10.29
123,Gari,RU,2020-10-12 20:52:47,59.43,62.35,42.57,89,100,6.24
124,Celestun,MX,2020-10-12 20:52:47,20.87,-90.4,85.24,73,35,11.07
125,Komsomolskiy,UZ,2020-10-12 20:52:47,40.43,71.72,48.2,81,0,6.93
126,Giyani,ZA,2020-10-12 20:52:47,-23.3,30.72,61.07,74,99,4.47
127,Luanda,AO,2020-10-12 20:48:16,-8.84,13.23,75.2,78,20,11.41
128,Vilhena,BR,2020-10-12 20:52:47,-12.74,-60.15,81.9,57,93,2.71
129,Victoria,HK,2020-10-12 20:52:47,22.29,114.16,78.01,86,100,1.01
130,Tyrma,RU,2020-10-12 20:52:47,50.08,132.17,29.75,94,29,4.16
131,Catamarca,AR,2020-10-12 20:52:48,-28.47,-65.79,82.99,26,0,8.01
132,Alice Springs,AU,2020-10-12 20:52:48,-23.7,133.88,55.4,54,0,8.48
133,Tuy Hoa,VN,2020-10-12 20:44:17,13.08,109.3,76.68,90,100,5.73
134,Taylorville,US,2020-10-12 20:52:48,39.55,-89.29,68.0,42,1,13.87
135,Nome,US,2020-10-12 20:48:20,64.5,-165.41,33.8,47,40,11.41
136,Tiksi,RU,2020-10-12 20:52:48,71.69,128.87,9.23,93,7,5.1
137,Havre-Saint-Pierre,CA,2020-10-12 20:52:48,50.23,-63.6,42.8,60,1,18.34
138,Severo-Kurilsk,RU,2020-10-12 20:52:48,50.68,156.12,46.24,77,80,15.19
139,Ayan,RU,2020-10-12 20:52:48,56.45,138.17,41.09,72,0,3.65
140,Dunedin,NZ,2020-10-12 20:42:49,-45.87,170.5,50.0,79,22,11.01
141,Atuona,PF,2020-10-12 20:52:49,-9.8,-139.03,78.3,74,38,15.14
142,Sakakah,SA,2020-10-12 20:52:49,29.97,40.21,77.0,13,0,10.29
143,Goksun,TR,2020-10-12 20:52:49,38.02,36.5,68.0,32,0,3.36
144,Svetlogorsk,BY,2020-10-12 20:51:36,52.63,29.73,52.65,91,87,6.04
145,Axim,GH,2020-10-12 20:44:47,4.87,-2.24,76.77,87,0,8.34
146,Hasaki,JP,2020-10-12 20:52:49,35.73,140.83,68.0,100,75,1.12
147,Bandarbeyla,SO,2020-10-12 20:52:49,9.49,50.81,78.87,81,33,6.58
148,Inhambane,MZ,2020-10-12 20:44:18,-23.86,35.38,66.42,79,82,7.0
149,Tarko-Sale,RU,2020-10-12 20:52:50,64.92,77.78,36.66,97,100,9.13
150,Kathmandu,NP,2020-10-12 20:49:05,27.72,85.32,69.8,88,40,2.24
151,Katsuura,JP,2020-10-12 20:52:50,35.13,140.3,71.01,100,75,3.98
152,Roald,NO,2020-10-12 20:52:50,62.58,6.13,46.99,75,40,11.41
153,Carballo,ES,2020-10-12 20:52:50,43.21,-8.69,60.8,100,75,3.36
154,Tamale,GH,2020-10-12 20:52:50,9.4,-0.84,80.01,69,6,2.77
155,Sao Filipe,CV,2020-10-12 20:52:50,14.9,-24.5,77.97,77,16,9.93
156,Saint-Joseph,RE,2020-10-12 20:52:50,-21.37,55.62,71.6,68,75,4.7
157,Henties Bay,NA,2020-10-12 20:52:51,-22.12,14.28,55.99,88,0,4.0
158,Nikolskoye,RU,2020-10-12 20:52:51,59.7,30.79,48.99,87,100,2.24
159,Mar Del Plata,AR,2020-10-12 20:52:32,-38.0,-57.56,60.8,72,20,10.29
160,Minab,IR,2020-10-12 20:52:51,27.15,57.08,73.4,27,0,4.7
161,Torbay,CA,2020-10-12 20:51:44,47.67,-52.73,46.99,61,20,19.46
162,Ailigandi,PA,2020-10-12 20:52:51,9.23,-78.02,83.82,77,100,7.94
163,Opuwo,NA,2020-10-12 20:52:51,-18.06,13.84,64.76,28,0,6.93
164,Neuquen,AR,2020-10-12 20:48:49,-38.95,-68.06,84.2,20,0,4.7
165,Roblin,CA,2020-10-12 20:52:52,51.23,-101.36,49.59,46,12,20.89
166,Avarua,CK,2020-10-12 20:52:52,-21.21,-159.78,73.4,83,86,9.17
167,Port Blair,IN,2020-10-12 20:42:58,11.67,92.75,80.51,83,100,14.65
168,New Norfolk,AU,2020-10-12 20:51:47,-42.78,147.06,46.0,62,14,3.0
169,Puerto Baquerizo Moreno,EC,2020-10-12 20:44:17,-0.9,-89.6,73.4,83,75,20.8
170,Harper,LR,2020-10-12 20:52:52,4.38,-7.72,77.4,86,100,7.27
171,San Lawrenz,MT,2020-10-12 20:52:52,36.06,14.2,64.99,63,20,20.8
172,Berdigestyakh,RU,2020-10-12 20:52:52,62.1,126.7,21.15,86,100,15.08
173,Port Macquarie,AU,2020-10-12 20:42:54,-31.43,152.92,62.01,86,2,3.87
174,Meylan,FR,2020-10-12 20:52:53,45.22,5.79,48.99,81,91,7.0
175,Lagoa,PT,2020-10-12 20:52:53,39.05,-27.98,68.92,73,15,17.58
176,Kargasok,RU,2020-10-12 20:52:53,59.06,80.86,38.71,97,98,8.37
177,Ahipara,NZ,2020-10-12 20:44:22,-35.17,173.17,60.73,95,97,4.7
178,High Level,CA,2020-10-12 20:52:53,58.52,-117.14,41.0,72,75,11.41
179,Ketchikan,US,2020-10-12 20:52:53,55.34,-131.65,50.0,87,75,9.17
180,Masuguru,TZ,2020-10-12 20:52:53,-11.37,38.42,79.38,66,4,7.09
181,Bontang,ID,2020-10-12 20:52:54,0.13,117.5,75.88,88,97,4.9
182,Tonj,SS,2020-10-12 20:52:54,7.27,28.68,73.92,84,2,4.54
183,Kudahuvadhoo,MV,2020-10-12 20:52:09,2.67,72.89,82.27,79,99,18.05
184,Tanggu,CN,2020-10-12 20:52:54,39.02,117.65,53.6,37,1,9.13
185,Dwarka,IN,2020-10-12 20:45:08,22.24,68.97,83.73,70,0,13.24
186,Neiafu,TO,2020-10-12 20:52:54,-18.65,-173.98,77.0,69,75,13.87
187,Aljezur,PT,2020-10-12 20:52:54,37.32,-8.8,62.01,59,0,1.01
188,Damietta,EG,2020-10-12 20:52:55,31.42,31.81,77.0,69,95,5.82
189,Cherskiy,RU,2020-10-12 20:51:41,68.75,161.3,18.18,89,14,8.16
190,Khatanga,RU,2020-10-12 20:52:55,71.97,102.5,25.25,98,96,13.4
191,La Palma,US,2020-10-12 20:49:18,33.85,-118.05,93.2,28,1,5.82
192,Ancud,CL,2020-10-12 20:51:39,-41.87,-73.82,62.01,62,34,6.93
193,Hithadhoo,MV,2020-10-12 20:51:39,-0.6,73.08,82.09,72,50,11.32
194,Geraldton,AU,2020-10-12 20:42:59,-28.77,114.6,60.8,93,75,4.7
195,Ponta Do Sol,PT,2020-10-12 20:51:37,32.67,-17.1,71.6,68,20,17.22
196,Kloulklubed,PW,2020-10-12 20:44:43,7.04,134.26,82.4,78,75,6.93
197,Shaowu,CN,2020-10-12 20:52:55,27.34,117.48,64.89,85,1,1.72
198,Trabzon,TR,2020-10-12 20:52:56,40.92,39.83,68.0,94,0,5.82
199,Oga,IT,2020-10-12 20:52:56,46.46,10.35,36.0,68,75,9.17
200,Ginsheim-Gustavsburg,DE,2020-10-12 20:52:56,49.99,8.34,51.01,87,90,2.21
201,Winchester,GB,2020-10-12 20:52:56,51.07,-1.32,53.01,93,75,3.36
202,Beeville,US,2020-10-12 20:52:56,28.4,-97.75,93.0,48,19,5.99
203,Pangai,TO,2020-10-12 20:52:56,-19.8,-174.35,75.2,73,40,19.46
204,Flin Flon,CA,2020-10-12 20:43:07,54.77,-101.86,41.0,60,75,23.04
205,Praia,CV,2020-10-12 20:52:56,14.92,-23.51,78.8,74,75,9.17
206,Port Lincoln,AU,2020-10-12 20:52:56,-34.73,135.87,58.15,92,7,8.23
207,Upernavik,GL,2020-10-12 20:52:57,72.79,-56.15,30.49,96,21,8.01
208,Ostrovnoy,RU,2020-10-12 20:52:57,68.05,39.51,44.35,93,100,8.93
209,Vao,NC,2020-10-12 20:51:33,-22.67,167.48,73.38,87,100,18.23
210,Cockburn Town,TC,2020-10-12 20:52:57,21.46,-71.14,86.0,70,40,8.05
211,Pacific Grove,US,2020-10-12 20:52:57,36.62,-121.92,86.0,52,1,3.36
212,Esperance,AU,2020-10-12 20:52:57,-33.87,121.9,48.2,100,1,6.93
213,Vanderhoof,CA,2020-10-12 20:52:57,54.02,-124.02,48.87,50,0,9.13
214,Dawei,MM,2020-10-12 20:52:58,14.08,98.2,74.12,91,93,3.0
215,Kodiak,US,2020-10-12 20:51:34,57.79,-152.41,35.6,69,90,6.93
216,Nanticoke,US,2020-10-12 20:52:58,41.21,-76.0,54.0,84,100,1.01
217,Gijon,ES,2020-10-12 20:52:58,43.54,-5.66,64.0,76,100,1.01
218,Jinxiang,CN,2020-10-12 20:52:58,27.43,120.61,68.5,80,62,12.21
219,Sulangan,PH,2020-10-12 20:52:58,11.14,123.72,83.26,76,100,6.04
220,Mandalgovi,MN,2020-10-12 20:52:58,45.76,106.27,16.86,77,72,1.59
221,Chateaubelair,VC,2020-10-12 20:52:58,13.28,-61.25,77.0,94,75,5.82
222,Taksimo,RU,2020-10-12 20:52:59,56.34,114.88,21.43,85,98,4.14
223,Ahuimanu,US,2020-10-12 20:52:59,21.44,-157.84,82.4,78,75,9.17
224,Broome,US,2020-10-12 20:52:15,42.25,-75.83,51.01,81,90,11.41
225,Olga,RU,2020-10-12 20:44:28,43.74,135.29,37.92,82,0,5.91
226,Jampur,PK,2020-10-12 20:52:59,29.64,70.6,74.48,20,0,5.17
227,Luderitz,NA,2020-10-12 20:52:22,-26.65,15.16,62.89,55,0,16.13
228,Pahrump,US,2020-10-12 20:52:43,36.21,-115.98,89.01,15,0,3.0
229,Asau,RO,2020-10-12 20:52:59,46.43,26.4,59.0,98,100,2.73
230,Ilulissat,GL,2020-10-12 20:49:22,69.22,-51.1,33.8,69,75,6.93
231,Naze,JP,2020-10-12 20:53:00,28.37,129.48,75.2,73,75,12.75
232,Sumbuya,SL,2020-10-12 20:53:00,7.65,-11.96,74.86,95,100,3.51
233,Otukpo,NG,2020-10-12 20:53:00,7.19,8.13,75.31,94,19,5.03
234,Bafoulabe,ML,2020-10-12 20:53:00,13.81,-10.83,79.66,74,78,2.8
235,Urumqi,CN,2020-10-12 20:51:41,43.8,87.6,48.2,49,86,2.24
236,Kirakira,SB,2020-10-12 20:53:00,-10.45,161.92,82.98,79,78,12.35
237,Laredo,US,2020-10-12 20:50:43,27.51,-99.51,95.0,44,40,9.17
238,Ribeira Grande,PT,2020-10-12 20:53:01,38.52,-28.7,68.0,72,75,10.29
239,Mount Gambier,AU,2020-10-12 20:48:19,-37.83,140.77,53.6,87,90,5.82
240,Thompson,CA,2020-10-12 20:53:01,55.74,-97.86,41.0,65,75,17.22
241,Robertson,US,2020-10-12 20:53:01,36.52,-86.87,79.0,78,90,10.29
242,Kalmunai,LK,2020-10-12 20:53:01,7.42,81.82,78.03,71,28,4.83
243,Huarmey,PE,2020-10-12 20:53:01,-10.07,-78.15,68.18,69,9,9.62
244,Turbat,PK,2020-10-12 20:53:01,26.0,63.04,71.08,20,0,41.65
245,Virginia Beach,US,2020-10-12 20:48:26,36.85,-75.98,79.0,87,31,3.15
246,Portalegre,PT,2020-10-12 20:53:01,39.29,-7.43,60.01,41,0,3.98
247,Beringovskiy,RU,2020-10-12 20:53:02,63.05,179.32,27.55,97,100,14.38
248,La Crosse,US,2020-10-12 20:52:54,43.8,-91.24,64.4,39,1,17.22
249,Vershino-Shakhtaminskiy,RU,2020-10-12 20:53:02,51.3,117.89,16.99,87,26,7.34
250,Shellbrook,CA,2020-10-12 20:53:02,53.22,-106.4,46.4,49,75,26.4
251,Carlisle,US,2020-10-12 20:49:42,40.2,-77.19,52.0,95,100,1.01
252,Lufilufi,WS,2020-10-12 20:53:02,-13.87,-171.6,86.0,74,75,4.7
253,Tynda,RU,2020-10-12 20:53:03,55.17,124.72,23.65,88,100,7.92
254,Soria,ES,2020-10-12 20:53:03,41.67,-2.67,48.99,71,18,8.59
255,Fortuna,US,2020-10-12 20:48:43,40.6,-124.16,75.0,68,1,13.87
256,Souillac,MU,2020-10-12 20:53:03,-20.52,57.52,71.6,88,20,5.82
257,Choma,ZM,2020-10-12 20:53:03,-16.81,26.95,68.18,75,100,9.01
258,Tucuman,AR,2020-10-12 20:44:40,-26.82,-65.22,86.0,23,0,9.17
259,Cidreira,BR,2020-10-12 20:53:04,-30.18,-50.21,66.11,78,0,4.09
260,Orange Cove,US,2020-10-12 20:53:04,36.62,-119.31,82.99,50,0,4.41
261,Miri,MY,2020-10-12 20:52:06,4.41,114.01,75.2,94,40,5.82
262,Ambilobe,MG,2020-10-12 20:52:23,-13.2,49.05,75.97,76,0,7.83
263,Roma,US,2020-10-12 20:53:04,43.21,-75.46,57.2,50,75,10.29
264,Bonfim,BR,2020-10-12 20:53:04,3.08,-59.95,90.93,47,30,3.51
265,Norman Wells,CA,2020-10-12 20:52:06,65.28,-126.83,24.8,73,75,10.29
266,Port Keats,AU,2020-10-12 20:53:04,-14.25,129.55,81.16,79,89,6.46
267,Menongue,AO,2020-10-12 20:53:05,-14.66,17.69,66.13,24,24,1.86
268,Shilka,RU,2020-10-12 20:53:05,51.85,116.03,27.05,82,99,5.59
269,Riosucio,CO,2020-10-12 20:53:05,5.42,-75.7,73.4,78,40,8.05
270,Mehriz,IR,2020-10-12 20:53:05,31.59,54.43,51.8,14,0,2.24
271,Laje,BR,2020-10-12 20:53:05,-10.18,-40.97,83.91,34,50,8.5
272,General Roca,AR,2020-10-12 20:53:05,-39.03,-67.58,84.2,20,0,4.7
273,Sur,OM,2020-10-12 20:44:41,22.57,59.53,80.6,67,0,11.48
274,Mayor Pablo Lagerenza,PY,2020-10-12 20:53:05,-19.93,-60.77,103.12,18,62,1.54
275,Siocon,PH,2020-10-12 20:53:05,7.71,122.14,78.73,83,100,2.53
276,Mehamn,NO,2020-10-12 20:53:06,71.04,27.85,37.4,93,75,10.29
277,Mattru,SL,2020-10-12 20:53:06,7.62,-11.83,74.61,95,100,3.67
278,Ukiah,US,2020-10-12 20:53:06,39.15,-123.21,82.0,29,1,7.27
279,Sarankhola,BD,2020-10-12 20:53:06,22.31,89.79,78.04,90,80,1.19
280,Aripuana,BR,2020-10-12 20:53:06,-9.17,-60.63,95.14,36,62,2.01
281,Atambua,ID,2020-10-12 20:49:07,-9.11,124.89,71.87,77,87,3.85
282,Itarema,BR,2020-10-12 20:53:06,-2.92,-39.92,78.73,77,0,16.15
283,Havelock,US,2020-10-12 20:53:06,34.88,-76.9,82.0,78,90,3.36
284,Krasnoarmeysk,RU,2020-10-12 20:45:13,51.02,45.7,55.0,51,65,1.01
285,Marrakesh,MA,2020-10-12 20:53:07,31.63,-8.01,80.6,32,0,10.29
286,Leningradskiy,RU,2020-10-12 20:53:07,69.38,178.42,21.97,90,76,4.21
287,Etchoropo,MX,2020-10-12 20:53:07,26.77,-109.67,91.99,62,73,8.01
288,Soyo,AO,2020-10-12 20:53:07,-6.13,12.37,75.6,82,69,10.0
289,Milkovo,RU,2020-10-12 20:53:07,54.72,158.62,33.17,83,97,0.49
290,Bonavista,CA,2020-10-12 20:52:23,48.65,-53.11,46.0,73,97,5.99
291,Bousso,TD,2020-10-12 20:53:07,10.48,16.71,79.0,68,37,2.93
292,Barstow,US,2020-10-12 20:50:04,34.9,-117.02,89.6,13,1,4.7
293,Aquiraz,BR,2020-10-12 20:53:08,-3.9,-38.39,82.4,69,8,9.17
294,Riohacha,CO,2020-10-12 20:51:20,11.54,-72.91,86.31,74,44,10.83
295,Chopda,IN,2020-10-12 20:53:08,21.25,75.3,77.97,57,99,2.28
296,Calbuco,CL,2020-10-12 20:53:08,-41.77,-73.13,60.8,59,28,5.82
297,Malinyi,TZ,2020-10-12 20:53:08,-8.93,36.13,77.34,76,97,0.58
298,Maniitsoq,GL,2020-10-12 20:53:08,65.42,-52.9,39.99,92,100,7.52
299,Takoradi,GH,2020-10-12 20:52:12,4.88,-1.76,76.59,88,1,8.84
300,Soma,TR,2020-10-12 20:53:08,39.19,27.61,62.6,67,0,2.24
301,Buala,SB,2020-10-12 20:53:08,-8.14,159.59,83.71,77,96,8.39
302,Benin,BJ,2020-10-12 20:53:09,9.5,2.25,77.52,71,62,2.46
303,Kibala,TD,2020-10-12 20:53:09,9.11,18.35,80.6,88,34,1.66
304,Hofn,IS,2020-10-12 20:53:09,64.25,-15.21,45.52,84,89,2.89
305,Pizarro,CO,2020-10-12 20:53:09,4.95,-77.37,80.53,81,97,11.45
306,Vero Beach,US,2020-10-12 20:50:51,27.64,-80.4,84.2,70,90,8.05
307,Elko,US,2020-10-12 20:53:09,41.0,-115.5,71.6,17,1,16.11
308,Saint-Pierre,RE,2020-10-12 20:51:41,-21.34,55.48,71.6,68,75,4.7
309,Kota Kinabalu,MY,2020-10-12 20:53:10,5.97,116.07,77.0,88,20,3.36
310,Laguna,US,2020-10-12 20:53:10,38.42,-121.42,84.0,26,1,9.17
311,Haines Junction,CA,2020-10-12 20:44:07,60.75,-137.51,40.08,70,100,3.47
312,Ajdabiya,LY,2020-10-12 20:45:21,30.76,20.23,82.74,24,0,18.88
313,Olafsvik,IS,2020-10-12 20:53:10,64.89,-23.71,44.73,78,78,7.63
314,Saint Peter,BB,2020-10-12 20:53:10,13.25,-59.62,86.0,70,20,10.29
315,Hirara,JP,2020-10-12 20:53:11,24.8,125.28,78.82,85,57,20.94
316,Lodja,CD,2020-10-12 20:53:11,-3.48,23.43,67.26,94,86,0.98
317,Myre,NO,2020-10-12 20:53:11,69.1,15.95,41.0,69,40,12.75
318,Jacupiranga,BR,2020-10-12 20:53:11,-24.69,-48.0,68.77,76,0,3.31
319,Delhi,IN,2020-10-12 20:48:22,28.67,77.22,81.0,69,0,4.32
320,Taltal,CL,2020-10-12 20:53:11,-25.4,-70.48,64.27,58,22,6.02
321,Yuxia,CN,2020-10-12 20:53:11,34.06,108.63,55.0,100,90,4.47
322,Timizart,DZ,2020-10-12 20:53:11,36.8,4.27,54.52,70,1,4.83
323,Maumere,ID,2020-10-12 20:53:11,-8.62,122.21,78.69,76,81,2.35
324,Williams Lake,CA,2020-10-12 20:53:12,52.14,-122.14,42.8,70,75,2.24
325,Alexandria,EG,2020-10-12 20:53:12,31.22,29.96,75.2,64,93,4.7
326,Tura,IN,2020-10-12 20:40:05,25.52,90.22,73.36,91,0,3.09
327,Kholm,RU,2020-10-12 20:53:12,59.27,32.85,49.57,97,100,1.07
328,Lubuagan,PH,2020-10-12 20:53:12,17.35,121.17,65.71,94,100,1.63
329,Provideniya,RU,2020-10-12 20:53:12,64.38,-173.3,32.0,88,95,11.18
330,Wooster,US,2020-10-12 20:53:08,40.81,-81.94,70.0,73,90,9.17
331,Kimbe,PG,2020-10-12 20:53:13,-5.55,150.14,78.58,81,61,3.87
332,Sorong,ID,2020-10-12 20:53:13,-0.88,131.25,77.18,88,100,7.94
333,Belle Fourche,US,2020-10-12 20:53:13,44.67,-103.85,66.2,24,20,25.28
334,La Rioja,ES,2020-10-12 20:53:13,42.25,-2.5,57.99,76,90,3.36
335,Pisco,PE,2020-10-12 20:53:13,-13.7,-76.22,71.6,60,7,16.11
336,Nemuro,JP,2020-10-12 20:44:32,43.32,145.57,61.56,96,100,18.97
337,Kunzell,DE,2020-10-12 20:53:13,50.54,9.72,42.01,98,70,1.01
338,Canaries,ES,2020-10-12 20:53:13,28.0,-15.5,79.0,69,24,14.99
339,Ardakan,IR,2020-10-12 20:53:13,32.31,54.02,51.8,14,0,2.24
340,Nanyamba,TZ,2020-10-12 20:53:13,-10.68,39.83,77.0,94,40,5.82
341,Erdenet,MN,2020-10-12 20:53:14,49.03,104.08,19.53,87,0,3.8
342,Mayskiy,RU,2020-10-12 20:53:14,47.69,40.1,62.6,63,0,13.42
343,Kisanga,TZ,2020-10-12 20:53:14,-7.44,37.7,76.39,78,8,4.09
344,Yar-Sale,RU,2020-10-12 20:51:34,66.83,70.83,31.77,94,95,3.49
345,Butaritari,KI,2020-10-12 20:51:26,3.07,172.79,82.17,74,19,18.32
346,San Andres,CO,2020-10-12 20:50:17,12.58,-81.7,87.8,74,75,11.41
347,Dubai,AE,2020-10-12 20:48:52,25.26,55.3,87.8,33,0,4.7
348,Rundu,NA,2020-10-12 20:53:14,-17.93,19.77,75.67,22,0,7.96
349,Richards Bay,ZA,2020-10-12 20:53:14,-28.78,32.04,63.64,77,11,12.3
350,Caravelas,BR,2020-10-12 20:53:14,-17.71,-39.25,74.43,82,98,8.19
351,Vila Do Maio,CV,2020-10-12 20:44:33,15.13,-23.22,78.8,74,75,9.17
352,Three Hills,CA,2020-10-12 20:53:15,51.7,-113.27,48.99,44,92,12.95
353,Shimoda,JP,2020-10-12 20:52:20,34.67,138.95,60.01,95,0,2.21
354,Atar,MR,2020-10-12 20:53:15,20.52,-13.05,93.2,31,7,11.27
355,Whitehorse,CA,2020-10-12 20:49:55,60.72,-135.05,45.0,56,75,9.17
356,Paamiut,GL,2020-10-12 20:44:55,61.99,-49.67,38.8,92,100,17.25
357,Bailen,ES,2020-10-12 20:53:15,38.1,-3.78,57.72,37,0,4.34
358,Jupiter,US,2020-10-12 20:53:15,26.93,-80.09,82.4,83,90,9.17
359,Qunduz,AF,2020-10-12 20:53:15,36.73,68.86,51.01,47,7,3.29
360,San Ramon,US,2020-10-12 20:52:34,37.78,-121.98,86.0,20,1,8.05
361,Biak,ID,2020-10-12 20:53:15,-0.91,122.88,76.51,78,56,6.15
362,Ardabil,IR,2020-10-12 20:53:15,38.25,48.29,49.98,83,0,0.18
363,Bud,US,2020-10-12 20:53:16,39.45,-86.18,73.4,69,90,9.17
364,Lompoc,US,2020-10-12 20:51:42,34.64,-120.46,91.99,33,1,13.87
365,Torbat-E Jam,IR,2020-10-12 20:52:26,35.24,60.62,44.73,48,0,14.81
366,Edeia,BR,2020-10-12 20:53:16,-17.34,-49.93,85.86,42,86,1.23
367,Glenwood Springs,US,2020-10-12 20:44:53,39.55,-107.32,64.99,31,1,14.99
368,Los Llanos De Aridane,ES,2020-10-12 20:53:16,28.66,-17.92,75.2,73,94,10.29
369,Abeche,TD,2020-10-12 20:53:16,13.83,20.83,85.87,42,55,4.34
370,Lavrentiya,RU,2020-10-12 20:51:32,65.58,-171.0,32.47,90,51,15.95
371,Baghdad,IQ,2020-10-12 20:50:22,33.34,44.4,73.4,27,0,2.24
372,Bengkulu,ID,2020-10-12 20:53:16,-3.8,102.27,74.89,90,47,3.76
373,Doume,CM,2020-10-12 20:53:16,4.23,13.45,68.94,95,100,2.51
374,Skjervoy,NO,2020-10-12 20:53:17,70.03,20.97,41.9,66,87,9.4
375,Vaitape,PF,2020-10-12 20:53:17,-16.52,-151.75,79.56,78,2,15.48
376,Sitka,US,2020-10-12 20:44:17,57.05,-135.33,50.0,66,90,8.05
377,Charlestown,AU,2020-10-12 20:50:27,-32.95,151.67,63.0,96,1,4.9
378,Saskylakh,RU,2020-10-12 20:53:17,71.92,114.08,18.18,96,100,7.96
379,Vostok,RU,2020-10-12 20:44:59,46.49,135.88,29.07,98,55,4.0
380,Vagamo,NO,2020-10-12 20:53:17,61.88,9.1,35.64,83,10,2.95
381,Hoorn,NL,2020-10-12 20:53:17,52.64,5.06,51.01,89,100,5.01
382,Kankan,GN,2020-10-12 20:53:18,10.39,-9.31,73.51,91,99,4.68
383,El Alto,PE,2020-10-12 20:44:55,-4.27,-81.21,71.02,69,27,23.09
384,Twin Falls,US,2020-10-12 20:53:18,42.35,-114.64,66.2,34,1,18.34
385,Chernyshevskiy,RU,2020-10-12 20:53:18,63.01,112.47,22.01,97,96,9.86
386,Mezen,RU,2020-10-12 20:44:32,65.85,44.24,43.36,97,99,5.73
387,Srandakan,ID,2020-10-12 20:53:18,-7.94,110.25,76.33,83,58,6.44
388,Czarnkow,PL,2020-10-12 20:53:18,52.9,16.56,45.0,93,0,2.24
389,Lasa,IT,2020-10-12 20:45:04,46.62,10.7,37.0,59,19,5.82
390,Areia Branca,BR,2020-10-12 20:53:18,-4.96,-37.14,79.5,72,33,21.12
391,Pochutla,MX,2020-10-12 20:53:18,15.74,-96.47,93.0,55,40,5.77
392,Ust-Kan,RU,2020-10-12 20:53:18,50.93,84.76,29.25,93,100,6.15
393,Nizhniy Bestyakh,RU,2020-10-12 20:53:19,61.96,129.91,23.0,85,75,8.95
394,Kurchum,KZ,2020-10-12 20:53:19,48.57,83.65,42.71,85,99,2.51
395,Jalu,LY,2020-10-12 20:53:19,29.03,21.55,79.18,30,0,10.47
396,Sinnamary,GF,2020-10-12 20:45:00,5.38,-52.95,82.63,72,9,12.12
397,Praya,CV,2020-10-12 20:51:45,14.92,-23.51,78.8,74,75,9.17
398,Mareeba,AU,2020-10-12 20:51:38,-17.0,145.43,75.2,78,75,8.05
399,Srednekolymsk,RU,2020-10-12 20:53:19,67.45,153.68,23.86,87,67,6.6
400,Vila Franca Do Campo,PT,2020-10-12 20:52:16,37.72,-25.43,66.2,72,40,6.93
401,Klaksvik,FO,2020-10-12 20:52:16,62.23,-6.59,42.8,81,74,9.17
402,Portland,US,2020-10-12 20:49:15,45.52,-122.68,64.0,55,40,4.7
403,Goderich,CA,2020-10-12 20:48:21,43.75,-81.72,66.99,78,81,1.01
404,Ormara,PK,2020-10-12 20:45:13,25.21,64.64,77.94,25,0,32.99
405,Manggar,ID,2020-10-12 20:53:20,-2.88,108.27,81.63,81,98,12.66
406,Syasstroy,RU,2020-10-12 20:53:20,60.14,32.57,49.1,93,100,4.88
407,Mandera,KE,2020-10-12 20:53:20,3.94,41.87,85.98,53,100,7.76
408,Russell,US,2020-10-12 20:45:19,32.35,-85.2,82.4,61,90,8.05
409,Buraydah,SA,2020-10-12 20:49:02,26.33,43.98,71.6,26,0,3.83
410,Ixtapa,MX,2020-10-12 20:53:20,20.7,-105.2,89.6,62,75,6.93
411,Murfreesboro,US,2020-10-12 20:53:20,35.85,-86.39,82.4,61,75,9.17
412,Acapulco,MX,2020-10-12 20:53:21,16.86,-99.89,89.6,62,20,6.93
413,Ust-Tsilma,RU,2020-10-12 20:45:10,65.44,52.15,42.96,96,100,3.33
414,Waddan,LY,2020-10-12 20:44:26,29.16,16.14,80.67,27,0,4.7
415,Yining,CN,2020-10-12 20:53:21,29.04,114.56,59.11,86,0,2.13
416,Biltine,TD,2020-10-12 20:53:21,14.53,20.92,88.0,39,96,3.24
417,Abomey,BJ,2020-10-12 20:53:21,7.18,1.99,73.67,95,83,7.43
418,Camabatela,AO,2020-10-12 20:53:21,-8.19,15.38,64.6,83,83,4.52
419,Mitchell,US,2020-10-12 20:53:21,43.71,-98.03,69.8,19,1,16.11
420,Alofi,NU,2020-10-12 20:52:19,-19.06,-169.92,75.2,73,75,18.34
421,Bowen,AU,2020-10-12 20:52:25,-20.02,148.23,64.4,88,40,5.82
422,Sainte-Marie,RE,2020-10-12 20:53:22,-20.9,55.55,75.2,64,75,13.87
423,Kendrapara,IN,2020-10-12 20:53:22,20.5,86.42,80.6,94,40,10.29
424,Mahajanga,MG,2020-10-12 20:53:22,-15.72,46.32,80.6,83,20,6.93
425,Verkhniy Landekh,RU,2020-10-12 20:53:22,56.84,42.6,47.57,84,98,4.74
426,Wanaka,NZ,2020-10-12 20:53:22,-44.7,169.15,45.0,88,2,4.97
427,Derzhavinsk,KZ,2020-10-12 20:53:22,51.1,66.32,46.04,62,65,4.63
428,Kabanjahe,ID,2020-10-12 20:53:22,3.1,98.49,77.0,94,40,2.24
429,Shiloh,US,2020-10-12 20:53:22,38.56,-89.9,71.6,43,1,19.46
430,Faya,SA,2020-10-12 20:44:49,18.39,42.45,66.2,24,0,3.04
431,Puerto Maldonado,PE,2020-10-12 20:53:23,-12.6,-69.18,99.63,23,55,1.68
432,Chabahar,IR,2020-10-12 20:44:48,25.29,60.64,77.29,29,0,10.69
433,Filadelfia,US,2020-10-12 20:52:15,39.95,-75.16,57.2,87,90,16.11
434,Morant Bay,JM,2020-10-12 20:53:23,17.88,-76.41,86.0,79,40,16.11
435,Adrar,MR,2020-10-12 20:53:23,20.5,-10.07,88.86,35,99,9.4
436,Arlit,NE,2020-10-12 20:51:57,18.74,7.39,93.36,11,0,11.65
437,Constitucion,CL,2020-10-12 20:53:23,-35.33,-72.42,64.18,54,0,16.4
438,Stromness,GB,2020-10-12 20:53:23,58.97,-3.3,48.2,87,100,17.22
439,Otradnoye,RU,2020-10-12 20:51:59,59.78,30.82,48.99,87,100,2.24
440,Ribeirao Branco,BR,2020-10-12 20:53:24,-24.22,-48.77,67.33,66,0,3.4
441,Vaasa,FI,2020-10-12 20:53:24,63.1,21.62,46.0,100,90,8.05
442,Coquimbo,CL,2020-10-12 20:53:24,-29.95,-71.34,57.2,76,75,10.29
443,Maryville,US,2020-10-12 20:53:24,35.76,-83.97,79.0,69,75,11.41
444,Manaure,CO,2020-10-12 20:53:24,11.78,-72.44,89.02,62,67,14.79
445,Sisimiut,GL,2020-10-12 20:53:24,66.94,-53.67,36.61,80,100,5.91
446,Maracaju,BR,2020-10-12 20:52:59,-21.61,-55.17,82.29,57,94,4.41
447,Tortoli,IT,2020-10-12 20:53:24,39.93,9.66,59.0,62,0,11.41
448,Gazanjyk,TM,2020-10-12 20:53:24,39.24,55.52,53.06,36,0,12.62
449,Fenton,US,2020-10-12 20:49:28,42.8,-83.7,71.6,64,90,11.41
450,Gallup,US,2020-10-12 20:53:25,35.53,-108.74,75.2,8,1,6.93
451,Sao Joao Da Barra,BR,2020-10-12 20:53:25,-21.64,-41.05,73.4,73,90,13.87
452,Benghazi,LY,2020-10-12 20:53:25,32.12,20.07,79.61,52,0,5.12
453,Marystown,CA,2020-10-12 20:53:25,47.17,-55.15,46.0,100,4,5.01
454,Kuching,MY,2020-10-12 20:52:42,1.55,110.33,77.0,94,20,3.29
455,Bambous Virieux,MU,2020-10-12 20:53:25,-20.34,57.76,73.0,88,20,5.82
456,Kadaya,RU,2020-10-12 20:53:25,50.93,119.29,22.24,86,24,7.07
457,Innisfail,AU,2020-10-12 20:53:25,-17.53,146.03,73.49,87,64,5.48
458,Kondinskoye,RU,2020-10-12 20:53:25,59.65,67.41,41.95,90,100,3.04
459,Vanavara,RU,2020-10-12 20:53:26,60.34,102.28,18.79,93,78,3.96
460,Dabakala,CI,2020-10-12 20:53:26,8.37,-4.43,74.34,92,2,4.07
461,Maraa,BR,2020-10-12 20:53:26,-1.83,-65.37,78.69,82,99,2.35
462,Barberton,ZA,2020-10-12 20:53:26,-25.79,31.05,60.01,87,64,3.36
463,Egvekinot,RU,2020-10-12 20:53:26,66.32,-179.17,22.75,95,7,6.78
464,Rankovce,MK,2020-10-12 20:53:26,42.17,22.12,60.8,93,90,9.17
465,Kiruna,SE,2020-10-12 20:53:26,67.86,20.23,37.4,93,100,3.36
466,Kasongo-Lunda,CD,2020-10-12 20:44:52,-6.47,16.82,72.27,88,83,0.56
467,Fairbanks,US,2020-10-12 20:53:26,64.84,-147.72,28.99,50,40,6.93
468,Araouane,ML,2020-10-12 20:53:27,18.9,-3.53,95.31,21,62,19.73
469,Coihaique,CL,2020-10-12 20:53:27,-45.58,-72.07,51.8,71,75,8.05
470,Bon Air,US,2020-10-12 20:52:43,37.52,-77.56,68.0,97,99,9.15
471,Talara,PE,2020-10-12 20:53:27,-4.58,-81.27,68.43,77,14,17.31
472,Avera,US,2020-10-12 20:53:27,33.19,-82.53,80.6,74,90,6.93
473,Alcaniz,ES,2020-10-12 20:53:27,41.05,-0.13,55.99,67,6,15.99
474,Onverwacht,SR,2020-10-12 20:53:27,5.58,-55.18,93.2,46,40,4.7
475,Kahului,US,2020-10-12 20:52:25,20.89,-156.47,89.6,49,40,17.22
476,Khatassy,RU,2020-10-12 20:53:28,61.9,129.64,23.0,85,75,8.95
477,Aracati,BR,2020-10-12 20:53:28,-4.56,-37.77,78.66,75,28,14.32
478,Banda Aceh,ID,2020-10-12 20:44:35,5.56,95.32,81.0,70,100,10.71
479,Koson,UZ,2020-10-12 20:53:28,39.04,65.58,48.2,61,0,2.24
480,Xichang,CN,2020-10-12 20:53:28,27.9,102.26,62.49,76,94,0.56
481,Dolores,AR,2020-10-12 20:53:28,-36.31,-57.68,64.13,71,43,6.55
482,Murwara,IN,2020-10-12 20:53:28,23.85,80.4,75.18,85,66,4.99
483,Cayenne,GF,2020-10-12 20:51:16,4.93,-52.33,84.2,70,8,6.93
484,Jutai,BR,2020-10-12 20:53:28,-5.18,-68.9,91.62,47,45,1.61
485,Longyearbyen,SJ,2020-10-12 20:50:49,78.22,15.64,21.2,73,20,3.36
486,Rafaela,AR,2020-10-12 20:53:29,-31.25,-61.49,81.0,19,0,4.0
487,Nioro,GM,2020-10-12 20:53:29,13.35,-15.75,79.27,83,100,5.28
488,Pasuruan,ID,2020-10-12 20:53:29,-7.65,112.91,77.54,71,86,2.64
489,Horsham,GB,2020-10-12 20:53:29,51.06,-0.33,52.0,93,75,4.7
490,Dothan,US,2020-10-12 20:49:24,31.22,-85.39,82.99,65,40,9.17
491,Dakar,SN,2020-10-12 20:52:09,14.69,-17.44,82.4,83,40,6.93
492,Poum,NC,2020-10-12 20:53:29,-20.23,164.02,77.09,79,20,12.21
493,Novaya Igirma,RU,2020-10-12 20:53:29,57.13,103.91,20.14,93,0,3.02
494,Lensk,RU,2020-10-12 20:44:45,60.73,114.93,21.76,89,0,7.99
495,Evora,PT,2020-10-12 20:53:29,38.57,-7.9,64.4,34,0,4.7
496,Paignton,GB,2020-10-12 20:53:30,50.44,-3.57,51.01,87,34,5.99
497,Hidrolandia,BR,2020-10-12 20:53:30,-4.41,-40.44,90.3,22,15,4.47
498,Fort-Shevchenko,KZ,2020-10-12 20:53:30,44.51,50.26,61.86,40,34,23.04
499,Hami,CN,2020-10-12 20:53:30,42.8,93.45,45.52,49,99,9.82
500,Bobbili,IN,2020-10-12 20:53:30,18.57,83.37,75.99,94,100,4.38
501,Kompaniyivka,UA,2020-10-12 20:53:30,48.25,32.21,61.25,71,93,7.61
502,Maarianhamina,AX,2020-10-12 20:53:30,60.1,19.93,46.4,81,20,5.82
503,Lazaro Cardenas,MX,2020-10-12 20:53:31,17.96,-102.2,86.34,64,35,7.92
504,Sioux Lookout,CA,2020-10-12 20:52:51,50.1,-91.92,48.2,70,75,10.29
505,Pedasi,PA,2020-10-12 20:53:31,7.53,-80.03,82.71,74,96,10.49
506,Korla,CN,2020-10-12 20:44:46,41.76,86.15,48.06,48,38,5.82
507,Muisne,EC,2020-10-12 20:51:27,0.6,-80.03,80.6,78,75,17.22
508,Grand Gaube,MU,2020-10-12 20:44:15,-20.01,57.66,73.0,80,0,5.99
509,Golspie,GB,2020-10-12 20:53:31,57.97,-3.98,48.0,91,64,1.01
510,Leua,SK,2020-10-12 20:53:31,48.22,18.61,46.99,89,100,11.99
511,Camopi,GF,2020-10-12 20:53:31,3.17,-52.32,86.77,45,97,1.41
512,La Asuncion,VE,2020-10-12 20:51:50,11.03,-63.86,84.74,72,13,10.4
513,Buta,CD,2020-10-12 20:53:31,2.79,24.73,69.03,97,82,1.48
514,Bathsheba,BB,2020-10-12 20:53:32,13.22,-59.52,86.0,70,20,10.29
515,Teya,RU,2020-10-12 20:53:32,60.38,92.63,25.36,96,100,2.71
516,Luganville,VU,2020-10-12 20:44:41,-15.53,167.17,78.8,94,75,11.01
517,Isangel,VU,2020-10-12 20:53:32,-19.55,169.27,77.97,77,99,15.32
518,Iqaluit,CA,2020-10-12 20:53:32,63.75,-68.51,28.4,74,40,18.34
519,Qui Nhon,VN,2020-10-12 20:44:12,13.77,109.23,77.76,85,95,4.23
520,Porbandar,IN,2020-10-12 20:53:32,21.64,69.61,83.16,68,4,7.63
521,Mutoko,ZW,2020-10-12 20:53:32,-17.4,32.23,60.96,96,86,2.86
522,Santa Maria,BR,2020-10-12 20:53:32,-29.68,-53.81,69.12,65,0,6.87
523,Tempio Pausania,IT,2020-10-12 20:53:32,40.9,9.1,55.4,93,40,6.93
524,Lebu,CL,2020-10-12 20:53:33,-37.62,-73.65,52.36,75,0,19.44
525,Bosaso,SO,2020-10-12 20:53:33,11.28,49.18,80.94,57,0,1.81
526,North Bend,US,2020-10-12 20:53:33,43.41,-124.22,64.4,72,20,8.05
527,Le Port,RE,2020-10-12 20:53:33,-20.94,55.29,75.2,64,75,13.87
528,Yatou,CN,2020-10-12 20:53:33,37.15,122.38,53.87,50,100,4.83
529,Anadyr,RU,2020-10-12 20:53:33,64.75,177.48,23.0,85,0,8.95
530,Weinan,CN,2020-10-12 20:53:33,34.5,109.51,55.0,100,90,4.47
531,Clonakilty,IE,2020-10-12 20:53:33,51.62,-8.87,48.2,81,40,11.41
532,Ingham,US,2020-10-12 20:53:33,42.6,-84.38,68.0,77,90,6.93
533,Bure,ET,2020-10-12 20:53:34,10.7,37.07,57.4,88,84,2.35
534,Troitskoye,RU,2020-10-12 20:53:34,52.98,84.68,43.54,92,100,13.58
535,Rio Grande,BR,2020-10-12 20:49:17,-32.03,-52.1,61.88,75,68,13.09
536,Chistogorskiy,RU,2020-10-12 20:53:34,53.98,87.38,40.8,95,100,7.2
537,Angoche,MZ,2020-10-12 20:53:34,-16.23,39.91,76.69,82,100,11.32
538,Victor Harbor,AU,2020-10-12 20:53:34,-35.57,138.62,57.99,86,52,5.01
539,Anqiu,CN,2020-10-12 20:53:35,36.43,119.19,55.33,47,97,2.93
540,Chardara,KZ,2020-10-12 20:44:35,41.25,67.97,52.5,41,0,9.48
541,Aklavik,CA,2020-10-12 20:53:35,68.22,-135.01,21.2,85,75,5.82
542,Leiyang,CN,2020-10-12 20:53:35,26.4,112.86,64.63,92,24,4.92
543,Rocha,UY,2020-10-12 20:49:15,-34.48,-54.33,57.38,81,53,12.66
544,Kuytun,RU,2020-10-12 20:53:35,54.34,101.5,21.29,88,0,5.19
545,Padang,ID,2020-10-12 20:53:35,-0.95,100.35,79.18,74,100,3.04
546,Santa Cruz,BO,2020-10-12 20:53:36,-17.8,-63.17,93.2,49,75,12.75
547,Derac,HT,2020-10-12 20:53:36,19.65,-71.82,85.14,70,80,10.96
548,Atocha,BO,2020-10-12 20:53:36,-20.93,-66.23,53.29,54,89,24.63
549,Prince George,CA,2020-10-12 20:52:56,53.92,-122.75,48.0,65,90,8.05
550,Saint Anthony,US,2020-10-12 20:40:51,45.02,-93.22,64.99,28,1,14.99
551,Kawalu,ID,2020-10-12 20:44:22,-7.38,108.21,72.36,92,100,1.45
552,Bethanien,NA,2020-10-12 20:45:10,-26.5,17.16,59.52,29,0,3.27
553,Sistranda,NO,2020-10-12 20:53:36,63.73,8.83,44.6,75,40,5.82
554,Ankara,TR,2020-10-12 20:50:41,39.92,32.85,66.99,42,100,2.24
555,Broken Hill,AU,2020-10-12 20:53:36,-31.95,141.43,57.2,58,0,4.7
556,Dragoman,BG,2020-10-12 20:53:36,42.92,22.93,66.0,77,76,4.7
557,Karratha,AU,2020-10-12 20:53:37,-20.74,116.85,76.23,39,0,8.81
558,Ozinki,RU,2020-10-12 20:53:37,51.18,49.68,50.68,44,58,11.48
559,Morondava,MG,2020-10-12 20:53:37,-20.28,44.28,76.15,67,0,7.49
560,Barguzin,RU,2020-10-12 20:53:37,53.62,109.62,21.56,92,35,3.6
561,Toora-Khem,RU,2020-10-12 20:53:37,52.47,96.11,27.99,90,100,1.66
562,Moose Factory,CA,2020-10-12 20:53:37,51.26,-80.61,60.8,31,1,20.8
563,Port-Cartier,CA,2020-10-12 20:53:37,50.03,-66.87,42.8,60,75,13.87
